,Номер,Дата,Команда_1,Команда_2,Период_1,Период_2,Период_3,Овертайм,Буллиты
0,1,2014-09-03,Металлург Мг,Динамо М,3:1,2:0,1:0,:,:
1,2,2014-09-04,Амур,Адмирал,1:2,2:1,2:1,:,:
2,3,2014-09-04,Авангард,Металлург Нк,0:0,0:1,0:0,:,:
3,4,2014-09-04,Барыс,Салават Юлаев,3:0,0:4,2:0,:,:
4,5,2014-09-04,Ак Барс,Автомобилист,0:0,3:1,0:1,:,:
5,6,2014-09-04,Лада,Югра,1:1,0:1,1:3,:,:
6,7,2014-09-04,Нефтехимик,Трактор,2:0,1:0,1:1,:,:
7,8,2014-09-04,Северсталь,Торпедо НН,0:0,0:0,0:2,:,:
8,9,2014-09-04,СКА,Локомотив,2:2,2:1,1:0,:,:
9,10,2014-09-04,Йокерит,Динамо Мн,1:1,1:1,2:2,0:1,:
10,11,2014-09-04,Слован,Медвешчак,2:0,1:1,2:1,:,:
11,12,2014-09-05,Динамо М,ЦСКА,1:2,0:1,0:1,:,:
12,13,2014-09-06,Авангард,Адмирал,1:0,2:1,1:1,:,:
13,14,2014-09-06,Сибирь,Металлург Нк,3:0,2:1,1:0,:,:
14,15,2014-09-06,Автомобилист,Медвешчак,0:1,2:1,1:0,:,:
15,16,2014-09-06,Барыс,Амур,1:0,1:2,0:0,0:0,1:0
16,17,2014-09-06,Металлург Мг,Слован,1:2,1:0,0:1,:,:
17,18,2014-09-06,Салават Юлаев,Витязь,2:1,0:0,4:0,:,:
18,19,2014-09-06,Ак Барс,Атлант,0:1,0:1,1:2,:,:
19,20,2014-09-06,Северсталь,Трактор,2:2,0:0,0:1,:,:
20,21,2014-09-06,Торпедо НН,Югра,1:0,0:1,0:2,:,:
21,22,2014-09-06,СКА,ХК Сочи,0:1,2:0,1:1,:,:
22,23,2014-09-06,Динамо Р,Динамо Мн,0:1,1:0,3:1,:,:
23,24,2014-09-06,Йокерит,Локомотив,1:1,2:0,0:1,:,:
24,25,2014-09-08,Авангард,Витязь,2:4,2:1,4:0,:,:
25,26,2014-09-08,Автомобилист,Слован,0:0,1:1,0:2,:,:
26,27,2014-09-08,Барыс,Адмирал,3:0,0:0,1:0,:,:
27,28,2014-09-08,Металлург Мг,Атлант,1:0,0:1,3:0,:,:
28,29,2014-09-08,Салават Юлаев,Амур,0:2,0:1,3:2,:,:
29,30,2014-09-08,Ак Барс,Медвешчак,1:0,2:0,1:2,:,:
30,31,2014-09-08,Лада,Нефтехимик,1:2,2:1,0:0,1:0,:
31,32,2014-09-08,Северсталь,Динамо М,1:1,1:1,0:1,:,:
32,33,2014-09-08,Торпедо НН,Трактор,1:2,2:2,1:0,0:0,0:1
33,34,2014-09-08,ЦСКА,Югра,2:0,1:0,1:3,:,:
34,35,2014-09-08,СКА,Динамо Мн,1:1,2:1,2:0,:,:
35,36,2014-09-08,Йокерит,ХК Сочи,1:0,1:0,1:0,:,:
36,37,2014-09-08,Динамо Р,Локомотив,0:0,2:3,0:2,:,:
37,38,2014-09-09,Металлург Нк,Сибирь,2:1,0:0,0:1,0:1,:
38,39,2014-09-10,Авангард,Амур,3:0,1:1,0:0,:,:
39,40,2014-09-10,Автомобилист,Атлант,1:1,0:1,2:1,0:0,0:1
40,41,2014-09-10,Барыс,Витязь,0:1,0:1,0:0,:,:
41,42,2014-09-10,Металлург Мг,Медвешчак,2:0,1:0,3:0,:,:
42,43,2014-09-10,Салават Юлаев,Адмирал,1:3,3:1,2:0,:,:
43,44,2014-09-10,Ак Барс,Слован,2:2,0:0,2:1,:,:
44,45,2014-09-10,Северсталь,Югра,0:1,4:1,0:0,:,:
45,46,2014-09-10,ЦСКА,Трактор,1:0,0:0,1:0,:,:
46,47,2014-09-10,Динамо Р,ХК Сочи,0:0,0:1,1:1,:,:
47,48,2014-09-11,Нефтехимик,Лада,3:0,1:2,0:0,:,:
48,49,2014-09-12,Динамо Мн,Атлант,1:0,1:0,1:2,:,:
49,50,2014-09-13,Металлург Нк,Барыс,0:2,2:3,0:0,:,:
50,51,2014-09-13,Сибирь,Авангард,0:1,2:2,1:2,:,:
51,52,2014-09-13,Трактор,Йокерит,1:0,0:2,0:0,:,:
52,53,2014-09-13,Витязь,Автомобилист,0:1,1:0,5:0,:,:
53,54,2014-09-13,Динамо М,Ак Барс,1:1,2:1,0:0,:,:
54,55,2014-09-13,Лада,СКА,0:2,1:0,1:2,:,:
55,56,2014-09-13,Локомотив,Металлург Мг,0:2,0:1,1:1,:,:
56,57,2014-09-13,Нефтехимик,Динамо Р,0:0,2:3,0:0,:,:
57,58,2014-09-14,Амур,Салават Юлаев,0:0,0:1,0:1,:,:
58,59,2014-09-14,Динамо Мн,ЦСКА,2:0,1:1,0:1,:,:
59,60,2014-09-14,Слован,Торпедо НН,1:2,1:0,0:0,0:0,0:1
60,61,2014-09-14,Медвешчак,Северсталь,2:0,2:1,1:1,:,:
61,62,2014-09-15,Амур,Салават Юлаев,0:1,1:2,1:0,:,:
62,63,2014-09-15,Металлург Нк,Авангард,0:0,0:1,1:0,1:0,:
63,64,2014-09-15,Сибирь,Барыс,1:1,0:0,3:0,:,:
64,65,2014-09-15,Трактор,СКА,0:4,2:2,0:0,:,:
65,66,2014-09-15,Югра,Йокерит,0:0,1:1,0:0,0:1,:
66,67,2014-09-15,Витязь,Металлург Мг,0:1,0:1,1:2,:,:
67,68,2014-09-15,Лада,Динамо Р,2:1,0:0,0:1,1:0,:
68,69,2014-09-15,Локомотив,Ак Барс,1:2,1:0,0:0,0:0,0:1
69,70,2014-09-15,ХК Сочи,Автомобилист,2:2,2:0,2:1,:,:
70,71,2014-09-16,Атлант,ЦСКА,0:0,0:3,0:0,:,:
71,72,2014-09-16,Слован,Северсталь,0:2,0:1,0:0,:,:
72,73,2014-09-16,Медвешчак,Торпедо НН,1:2,0:0,0:2,:,:
73,74,2014-09-17,Амур,Авангард,0:1,0:3,0:0,:,:
74,75,2014-09-17,Адмирал,Барыс,2:1,1:1,0:0,:,:
75,76,2014-09-17,Металлург Нк,Салават Юлаев,0:0,2:1,1:1,:,:
76,77,2014-09-17,Трактор,Динамо Р,0:1,1:0,0:0,0:0,1:0
77,78,2014-09-17,Югра,СКА,0:4,2:0,1:0,:,:
78,79,2014-09-17,Локомотив,Автомобилист,0:0,0:0,2:0,:,:
79,80,2014-09-17,Нефтехимик,Йокерит,1:4,3:1,1:2,:,:
80,81,2014-09-17,ХК Сочи,Ак Барс,0:4,0:0,0:1,:,:
81,82,2014-09-17,Динамо М,Металлург Мг,0:0,0:0,0:0,0:0,0:1
82,83,2014-09-18,Амур,Авангард,0:0,1:0,0:1,0:0,1:0
83,84,2014-09-18,Адмирал,Барыс,0:1,2:0,2:1,:,:
84,85,2014-09-18,Атлант,Торпедо НН,1:0,1:0,1:1,:,:
85,86,2014-09-18,Динамо Мн,Северсталь,0:0,3:1,0:2,0:0,0:1
86,87,2014-09-18,Медвешчак,ЦСКА,1:2,1:0,0:1,:,:
87,88,2014-09-19,Сибирь,Салават Юлаев,0:0,2:1,1:0,:,:
88,89,2014-09-19,Югра,Динамо Р,2:1,0:1,3:0,:,:
89,90,2014-09-19,Витязь,Ак Барс,1:0,1:0,0:2,0:1,:
90,91,2014-09-19,Лада,Йокерит,0:1,0:1,1:0,:,:
91,92,2014-09-19,Нефтехимик,СКА,1:2,0:0,0:3,:,:
92,93,2014-09-19,ХК Сочи,Металлург Мг,1:0,0:1,0:1,:,:
93,94,2014-09-19,Динамо М,Автомобилист,2:1,1:1,1:0,:,:
94,95,2014-09-20,Атлант,Северсталь,0:3,2:1,0:1,:,:
95,96,2014-09-20,Динамо Мн,Торпедо НН,1:0,2:0,0:0,:,:
96,97,2014-09-20,Слован,ЦСКА,0:1,0:1,1:2,:,:
97,98,2014-09-21,Барыс,Металлург Нк,0:0,0:0,0:0,1:0,:
98,99,2014-09-21,Динамо М,Трактор,1:0,1:0,2:1,:,:
99,100,2014-09-21,Медвешчак,Лада,1:0,0:1,4:0,:,:
100,101,2014-09-22,Авангард,Локомотив,1:0,2:2,1:0,:,:
101,102,2014-09-23,Автомобилист,Металлург Нк,0:3,0:0,2:0,:,:
102,103,2014-09-23,Металлург Мг,Сибирь,1:0,0:1,1:0,:,:
103,104,2014-09-23,Салават Юлаев,Динамо М,2:0,0:3,0:1,:,:
104,105,2014-09-23,Югра,Трактор,2:1,1:0,0:2,0:0,0:1
105,106,2014-09-23,Ак Барс,Амур,1:1,2:0,0:0,:,:
106,107,2014-09-23,Северсталь,Нефтехимик,0:1,1:1,1:0,0:0,0:1
107,108,2014-09-23,Торпедо НН,Динамо Мн,0:0,1:1,0:0,0:1,:
108,109,2014-09-23,ЦСКА,Лада,0:0,1:0,2:0,:,:
109,110,2014-09-23,СКА,Адмирал,0:1,2:2,2:0,:,:
110,111,2014-09-23,Йокерит,Витязь,2:1,0:2,1:1,:,:
111,112,2014-09-23,Динамо Р,Атлант,1:1,2:0,1:1,:,:
112,113,2014-09-24,Барыс,Локомотив,1:0,1:2,1:1,0:0,0:1
113,114,2014-09-24,Слован,Медвешчак,0:0,1:2,0:2,:,:
114,115,2014-09-25,Автомобилист,Сибирь,2:1,0:1,0:0,0:1,:
115,116,2014-09-25,Металлург Мг,Амур,0:2,5:0,2:0,:,:
116,117,2014-09-25,Ак Барс,Металлург Нк,1:1,0:0,0:0,0:0,0:1
117,118,2014-09-25,Северсталь,Динамо Мн,0:0,1:2,0:1,:,:
118,119,2014-09-25,Торпедо НН,Лада,2:0,0:0,1:0,:,:
119,120,2014-09-25,ХК Сочи,Динамо М,0:1,0:0,0:0,:,:
120,121,2014-09-25,ЦСКА,Нефтехимик,4:2,1:0,1:1,:,:
121,122,2014-09-25,СКА,Атлант,2:1,3:2,0:1,:,:
122,123,2014-09-25,Йокерит,Адмирал,1:1,2:2,4:0,:,:
123,124,2014-09-25,Динамо Р,Витязь,0:0,0:0,0:0,0:0,0:1
124,125,2014-09-26,Салават Юлаев,Локомотив,0:0,3:0,2:2,:,:
125,126,2014-09-26,Трактор,Югра,2:0,1:0,1:2,:,:
126,127,2014-09-26,Медвешчак,Слован,0:1,0:0,1:2,:,:
127,128,2014-09-27,Авангард,ХК Сочи,3:0,3:1,2:0,:,:
128,129,2014-09-27,Автомобилист,Амур,1:0,1:1,1:0,:,:
129,130,2014-09-27,Барыс,Динамо М,0:0,1:2,0:0,:,:
130,131,2014-09-27,Металлург Мг,Металлург Нк,1:0,2:1,1:0,:,:
131,132,2014-09-27,Ак Барс,Сибирь,4:0,0:0,1:2,:,:
132,133,2014-09-27,Северсталь,Лада,3:1,0:1,1:1,:,:
133,134,2014-09-27,СКА,Витязь,1:0,1:1,5:0,:,:
134,135,2014-09-27,Торпедо НН,Нефтехимик,0:0,3:2,2:3,0:1,:
135,136,2014-09-27,ЦСКА,Динамо Мн,1:0,1:0,0:0,:,:
136,137,2014-09-27,Динамо Р,Адмирал,1:0,1:1,2:1,:,:
137,138,2014-09-27,Йокерит,Атлант,2:1,2:1,0:0,:,:
138,139,2014-09-29,Локомотив,ХК Сочи,0:1,3:0,1:0,:,:
139,140,2014-09-29,Слован,Динамо Мн,0:0,1:1,1:1,0:0,1:0
140,647,2014-09-29,Йокерит,Динамо Р,1:1,1:1,1:0,:,:
141,840,2014-09-29,Медвешчак,СКА,1:2,0:2,0:1,:,:
142,141,2014-09-30,Амур,Северсталь,0:1,1:3,3:1,:,:
143,142,2014-09-30,Адмирал,Торпедо НН,0:1,1:0,3:0,:,:
144,143,2014-09-30,Сибирь,ЦСКА,0:0,1:1,1:2,:,:
145,144,2014-09-30,Автомобилист,Металлург Мг,0:2,1:2,0:0,:,:
146,145,2014-09-30,Трактор,Авангард,0:0,1:3,1:1,:,:
147,146,2014-09-30,Югра,Барыс,0:0,0:0,1:2,:,:
148,147,2014-09-30,Лада,Салават Юлаев,0:1,0:0,0:1,:,:
149,148,2014-09-30,Нефтехимик,Ак Барс,2:0,0:2,0:1,:,:
150,149,2014-09-30,Динамо М,Витязь,4:1,1:2,1:1,:,:
151,150,2014-10-01,Атлант,Йокерит,1:2,1:0,1:1,0:1,:
152,151,2014-10-01,Слован,Динамо Р,4:0,0:1,1:0,:,:
153,152,2014-10-01,Медвешчак,СКА,0:2,0:2,0:1,:,:
154,153,2014-10-02,Амур,Торпедо НН,0:2,2:1,0:4,:,:
155,154,2014-10-02,Адмирал,Северсталь,2:2,2:2,0:0,0:0,1:0
156,155,2014-10-02,Металлург Нк,ЦСКА,1:3,0:1,0:2,:,:
157,156,2014-10-02,Автомобилист,Ак Барс,1:3,1:0,1:2,:,:
158,157,2014-10-02,Трактор,Барыс,1:2,1:1,2:3,:,:
159,158,2014-10-02,Югра,Авангард,0:0,3:2,0:0,:,:
160,159,2014-10-02,Лада,Металлург Мг,1:1,2:0,0:1,:,:
161,160,2014-10-02,Локомотив,Динамо М,1:0,3:1,0:1,:,:
162,161,2014-10-02,Нефтехимик,Салават Юлаев,0:0,0:3,0:1,:,:
163,162,2014-10-03,Атлант,СКА,1:0,2:0,1:3,:,:
164,163,2014-10-03,Динамо Мн,Йокерит,1:3,1:0,0:0,:,:
165,164,2014-10-03,Медвешчак,Динамо Р,1:0,1:1,1:1,:,:
166,165,2014-10-04,Адмирал,ЦСКА,0:0,0:4,0:1,:,:
167,166,2014-10-04,Металлург Нк,Торпедо НН,0:3,1:2,0:1,:,:
168,167,2014-10-04,Сибирь,Северсталь,0:0,0:0,1:0,:,:
169,168,2014-10-04,Трактор,Салават Юлаев,0:1,0:0,1:0,0:1,:
170,169,2014-10-04,Югра,Металлург Мг,1:2,0:0,0:0,:,:
171,170,2014-10-04,Лада,Барыс,0:0,0:0,1:1,0:0,1:0
172,171,2014-10-04,Нефтехимик,Авангард,0:0,0:1,3:3,:,:
173,172,2014-10-05,Ак Барс,Автомобилист,1:1,0:0,1:0,:,:
174,173,2014-10-05,Витязь,Локомотив,1:0,0:1,2:1,:,:
175,174,2014-10-05,Динамо М,ХК Сочи,0:0,1:0,0:1,1:0,:
176,175,2014-10-06,Амур,ЦСКА,1:2,0:0,0:0,:,:
177,176,2014-10-06,Сибирь,Торпедо НН,1:0,0:3,1:0,:,:
178,177,2014-10-06,Металлург Нк,Северсталь,1:2,0:2,2:3,:,:
179,178,2014-10-06,Югра,Салават Юлаев,0:0,0:2,1:0,:,:
180,179,2014-10-06,Лада,Авангард,1:0,1:0,1:1,:,:
181,180,2014-10-06,Нефтехимик,Барыс,1:1,3:1,0:2,0:0,0:1
182,181,2014-10-06,СКА,Слован,1:0,3:1,3:1,:,:
183,182,2014-10-06,Йокерит,Медвешчак,0:1,2:2,0:0,:,:
184,183,2014-10-06,Динамо Р,Динамо Мн,0:1,1:0,0:2,:,:
185,184,2014-10-07,Витязь,ХК Сочи,0:2,2:1,0:1,:,:
186,185,2014-10-07,Динамо М,Локомотив,0:0,0:0,2:0,:,:
187,186,2014-10-08,Атлант,Йокерит,1:1,0:2,1:0,:,:
188,187,2014-10-08,СКА,Медвешчак,1:0,1:1,3:1,:,:
189,188,2014-10-08,Динамо Р,Слован,0:1,1:2,0:1,:,:
190,189,2014-10-09,Автомобилист,Трактор,1:0,0:0,1:2,0:0,1:0
191,190,2014-10-09,Металлург Мг,Адмирал,1:1,1:2,1:1,:,:
192,191,2014-10-09,Северсталь,Витязь,3:2,0:1,0:1,:,:
193,192,2014-10-09,Торпедо НН,Динамо М,2:0,0:1,1:0,:,:
194,193,2014-10-09,ЦСКА,ХК Сочи,2:0,2:0,2:2,:,:
195,459,2014-10-09,Лада,Ак Барс,0:1,1:1,1:0,0:1,:
196,194,2014-10-10,Авангард,Металлург Нк,0:1,0:0,0:1,:,:
197,195,2014-10-10,Барыс,Сибирь,2:0,4:1,0:2,:,:
198,196,2014-10-10,Салават Юлаев,Амур,1:1,3:1,3:0,:,:
199,197,2014-10-10,СКА,Йокерит,0:0,2:0,2:1,:,:
200,198,2014-10-10,Динамо Мн,Слован,0:0,3:0,1:1,:,:
201,199,2014-10-10,Динамо Р,Медвешчак,0:0,3:2,1:1,:,:
202,200,2014-10-11,Автомобилист,Адмирал,3:1,1:0,1:0,:,:
203,201,2014-10-11,Металлург Мг,Югра,2:2,2:2,1:0,:,:
204,202,2014-10-11,Ак Барс,Трактор,1:0,1:0,1:0,:,:
205,203,2014-10-11,Нефтехимик,Лада,0:2,1:1,0:1,:,:
206,204,2014-10-11,ЦСКА,Витязь,0:0,1:0,0:0,:,:
207,205,2014-10-12,Авангард,Амур,1:0,2:1,1:0,:,:
208,206,2014-10-12,Барыс,Металлург Нк,2:1,0:1,2:2,0:0,0:1
209,207,2014-10-12,Салават Юлаев,Сибирь,0:0,2:0,0:3,:,:
210,208,2014-10-12,Атлант,Медвешчак,2:0,1:1,2:1,:,:
211,209,2014-10-12,Динамо М,Северсталь,2:1,3:0,0:0,:,:
212,210,2014-10-12,Локомотив,Торпедо НН,1:1,2:2,0:0,0:0,0:1
213,211,2014-10-12,Слован,Йокерит,1:1,0:2,1:1,:,:
214,212,2014-10-13,Автомобилист,Югра,0:0,1:0,0:0,:,:
215,213,2014-10-13,Металлург Мг,Трактор,2:0,3:0,1:1,:,:
216,214,2014-10-13,Ак Барс,Адмирал,2:0,1:2,1:1,:,:
217,215,2014-10-13,СКА,Динамо Р,0:0,1:0,1:1,:,:
218,216,2014-10-14,Авангард,Сибирь,0:1,0:0,1:2,:,:
219,217,2014-10-14,Барыс,Амур,2:0,2:0,1:0,:,:
220,218,2014-10-14,Салават Юлаев,Металлург Нк,2:0,0:0,1:0,:,:
221,219,2014-10-14,Витязь,Торпедо НН,0:1,0:1,3:0,:,:
222,220,2014-10-14,Локомотив,Северсталь,1:0,2:1,2:2,:,:
223,221,2014-10-14,ХК Сочи,ЦСКА,0:2,1:0,1:4,:,:
224,222,2014-10-14,Динамо Мн,Атлант,1:1,1:1,0:0,0:0,0:1
225,223,2014-10-14,Медвешчак,Слован,1:0,0:0,0:0,:,:
226,224,2014-10-15,Лада,Трактор,1:2,2:2,0:0,:,:
227,225,2014-10-15,Нефтехимик,Югра,0:0,2:2,1:1,0:1,:
228,226,2014-10-15,Йокерит,Динамо Р,2:0,2:0,1:2,:,:
229,227,2014-10-16,Торпедо НН,Северсталь,0:1,2:0,0:1,0:0,0:1
230,228,2014-10-16,СКА,ЦСКА,1:1,2:2,1:0,:,:
231,229,2014-10-17,Амур,ХК Сочи,0:0,0:0,0:2,:,:
232,230,2014-10-17,Адмирал,Динамо М,0:1,1:2,0:1,:,:
233,231,2014-10-17,Металлург Нк,Витязь,0:1,2:1,0:3,:,:
234,232,2014-10-17,Сибирь,Локомотив,0:1,0:3,1:0,:,:
235,233,2014-10-17,Салават Юлаев,Авангард,1:2,1:3,0:1,:,:
236,234,2014-10-17,Металлург Мг,Ак Барс,0:0,0:0,1:1,0:0,1:0
237,235,2014-10-17,Йокерит,Барыс,1:1,1:0,2:1,:,:
238,236,2014-10-18,Трактор,Слован,1:1,1:1,1:0,:,:
239,237,2014-10-18,Югра,Медвешчак,0:1,1:0,0:0,0:1,:
240,238,2014-10-18,Лада,Атлант,0:0,0:1,1:0,0:0,1:0
241,239,2014-10-18,Нефтехимик,Динамо Мн,1:0,2:2,1:2,1:0,:
242,240,2014-10-19,Адмирал,ХК Сочи,0:0,0:0,0:0,0:0,1:0
243,241,2014-10-19,Амур,Динамо М,1:0,1:2,0:1,:,:
244,242,2014-10-19,Металлург Нк,Локомотив,0:0,0:0,0:1,:,:
245,243,2014-10-19,Сибирь,Витязь,2:0,0:1,0:2,:,:
246,244,2014-10-19,Северсталь,Автомобилист,0:1,2:0,0:1,0:0,1:0
247,245,2014-10-19,СКА,Авангард,0:0,1:1,1:1,1:0,:
248,246,2014-10-19,Торпедо НН,Ак Барс,0:1,1:1,2:0,:,:
249,247,2014-10-19,Динамо Р,Барыс,0:2,1:0,1:1,:,:
250,248,2014-10-19,Йокерит,Салават Юлаев,0:2,1:2,1:0,:,:
251,249,2014-10-20,Трактор,Медвешчак,0:0,1:3,1:1,:,:
252,250,2014-10-20,Югра,Слован,2:1,1:1,0:1,0:0,0:1
253,251,2014-10-20,Лада,Динамо Мн,0:2,0:0,1:1,:,:
254,252,2014-10-20,Нефтехимик,Атлант,0:1,2:1,0:1,:,:
255,253,2014-10-21,Амур,Локомотив,1:1,2:2,1:1,0:0,1:0
256,254,2014-10-21,Адмирал,Витязь,0:1,3:0,2:3,:,:
257,255,2014-10-21,Металлург Нк,Динамо М,1:0,1:1,0:1,0:0,1:0
258,256,2014-10-21,Сибирь,ХК Сочи,0:1,0:0,1:0,0:1,:
259,257,2014-10-21,Северсталь,Металлург Мг,0:1,1:0,0:0,0:0,1:0
260,258,2014-10-21,Торпедо НН,Автомобилист,1:1,1:1,1:0,:,:
261,259,2014-10-21,ЦСКА,Ак Барс,0:0,2:0,0:2,0:0,0:1
262,260,2014-10-21,СКА,Барыс,1:1,3:2,1:0,:,:
263,261,2014-10-21,Йокерит,Авангард,0:0,1:2,0:0,:,:
264,262,2014-10-21,Динамо Р,Салават Юлаев,0:0,0:1,2:0,:,:
265,263,2014-10-22,Трактор,Динамо Мн,0:1,0:1,2:1,:,:
266,264,2014-10-22,Югра,Атлант,2:0,0:1,0:1,0:0,0:1
267,265,2014-10-22,Лада,Медвешчак,1:1,1:0,0:0,:,:
268,266,2014-10-22,Нефтехимик,Слован,0:1,0:1,1:1,:,:
269,267,2014-10-23,Амур,Витязь,2:0,1:1,0:2,0:0,0:1
270,268,2014-10-23,Адмирал,Локомотив,1:0,0:1,0:0,0:0,1:0
271,269,2014-10-23,Металлург Нк,ХК Сочи,0:0,1:0,0:0,:,:
272,270,2014-10-23,Сибирь,Динамо М,2:1,1:3,0:1,:,:
273,271,2014-10-23,Северсталь,Ак Барс,0:0,0:0,1:2,:,:
274,272,2014-10-23,Торпедо НН,Металлург Мг,0:1,1:0,0:0,0:0,1:0
275,273,2014-10-23,ЦСКА,Автомобилист,0:1,2:0,0:0,:,:
276,274,2014-10-23,СКА,Салават Юлаев,2:0,2:2,3:0,:,:
277,275,2014-10-23,Динамо Р,Авангард,1:0,1:0,0:2,0:0,1:0
278,276,2014-10-24,Трактор,Атлант,0:1,2:0,0:0,:,:
279,277,2014-10-24,Югра,Динамо Мн,2:3,0:3,0:0,:,:
280,278,2014-10-24,Лада,Слован,1:1,0:3,2:2,:,:
281,279,2014-10-24,Нефтехимик,Медвешчак,2:0,1:2,0:1,0:0,1:0
282,280,2014-10-25,ЦСКА,Металлург Мг,1:0,0:1,0:1,:,:
283,281,2014-10-26,ХК Сочи,Торпедо НН,0:1,1:0,0:1,:,:
284,282,2014-10-27,Авангард,Трактор,1:0,0:0,2:0,:,:
285,283,2014-10-27,Барыс,Югра,0:0,1:0,1:2,0:1,:
286,284,2014-10-27,Салават Юлаев,Нефтехимик,1:1,0:1,1:0,0:0,0:1
287,285,2014-10-27,Ак Барс,Металлург Мг,0:0,0:0,0:1,:,:
288,286,2014-10-27,Витязь,Йокерит,0:0,0:1,0:1,:,:
289,287,2014-10-27,Локомотив,СКА,0:0,1:1,1:1,0:0,1:0
290,288,2014-10-27,Атлант,Адмирал,1:1,1:1,0:0,0:1,:
291,289,2014-10-27,Динамо М,Динамо Р,1:1,2:2,0:1,:,:
292,290,2014-10-27,Динамо Мн,Амур,0:0,1:1,1:1,0:0,1:0
293,291,2014-10-28,Северсталь,ЦСКА,0:0,2:1,0:1,0:1,:
294,292,2014-10-28,Медвешчак,Сибирь,0:0,1:0,1:0,:,:
295,293,2014-10-29,Авангард,Югра,0:0,2:0,2:1,:,:
296,294,2014-10-29,Автомобилист,Нефтехимик,0:0,3:0,0:0,:,:
297,295,2014-10-29,Барыс,Лада,1:1,0:0,1:0,:,:
298,296,2014-10-29,Салават Юлаев,Трактор,1:0,0:1,1:1,0:0,0:1
299,297,2014-10-29,Витязь,СКА,2:2,1:2,1:2,:,:
300,298,2014-10-29,Локомотив,Йокерит,0:2,1:1,0:0,:,:
301,299,2014-10-29,ХК Сочи,Динамо Р,2:0,1:0,1:2,:,:
302,300,2014-10-29,Атлант,Амур,1:0,1:1,0:0,:,:
303,301,2014-10-29,Динамо Мн,Адмирал,0:0,0:0,1:0,:,:
304,302,2014-10-29,Медвешчак,Металлург Нк,0:0,0:1,1:0,0:0,1:0
305,303,2014-10-30,Торпедо НН,ЦСКА,1:0,2:0,0:0,:,:
306,304,2014-10-30,Слован,Сибирь,2:1,0:2,0:0,:,:
307,305,2014-10-31,Авангард,Лада,1:0,0:0,0:0,:,:
308,306,2014-10-31,Автомобилист,Трактор,0:0,0:0,1:0,:,:
309,307,2014-10-31,Барыс,Нефтехимик,2:3,1:1,2:1,0:0,1:0
310,308,2014-10-31,Салават Юлаев,Югра,0:2,1:1,0:0,:,:
311,309,2014-10-31,Локомотив,Динамо Р,2:0,0:1,2:0,:,:
312,310,2014-10-31,ХК Сочи,Йокерит,0:0,1:1,1:1,0:0,1:0
313,311,2014-10-31,Атлант,Металлург Нк,0:2,2:0,2:0,:,:
314,312,2014-10-31,Динамо М,СКА,1:1,1:1,1:1,1:0,:
315,313,2014-10-31,Слован,Амур,0:1,0:1,1:1,:,:
316,314,2014-10-31,Медвешчак,Адмирал,1:3,1:1,1:0,:,:
317,315,2014-11-01,Динамо Мн,Сибирь,0:2,1:1,0:1,:,:
318,316,2014-11-02,Авангард,Нефтехимик,2:1,2:0,1:0,:,:
319,317,2014-11-02,Металлург Мг,Автомобилист,0:1,2:3,2:0,1:0,:
320,318,2014-11-02,Салават Юлаев,Лада,0:1,1:0,2:1,:,:
321,319,2014-11-02,Ак Барс,Югра,2:1,1:0,3:0,:,:
322,320,2014-11-02,Витязь,Динамо Р,3:1,0:0,1:1,:,:
323,321,2014-11-02,Динамо М,Йокерит,0:2,1:0,0:1,:,:
324,322,2014-11-02,Северсталь,Локомотив,0:0,1:1,0:0,0:0,1:0
325,323,2014-11-02,ЦСКА,Атлант,2:0,0:1,1:0,:,:
326,324,2014-11-02,Динамо Мн,Металлург Нк,0:1,3:0,1:0,:,:
327,325,2014-11-02,Слован,Адмирал,3:0,1:0,0:1,:,:
328,326,2014-11-02,ХК Сочи,СКА,0:2,1:0,0:0,:,:
329,327,2014-11-02,Медвешчак,Амур,1:1,0:3,1:1,:,:
330,328,2014-11-04,Автомобилист,Локомотив,0:0,1:3,1:0,:,:
331,329,2014-11-04,ЦСКА,Торпедо НН,1:1,3:1,1:1,:,:
332,330,2014-11-04,Динамо М,Салават Юлаев,3:0,1:0,2:0,:,:
333,331,2014-11-04,Йокерит,Металлург Мг,0:2,1:1,0:1,:,:
334,332,2014-11-05,Амур,Динамо Мн,1:1,3:1,0:0,:,:
335,333,2014-11-05,Адмирал,Атлант,1:1,1:1,0:0,1:0,:
336,334,2014-11-05,Сибирь,Слован,0:0,0:0,0:0,0:0,1:0
337,335,2014-11-05,Барыс,Медвешчак,2:0,1:1,1:0,:,:
338,336,2014-11-06,Автомобилист,Северсталь,0:1,0:2,3:2,:,:
339,337,2014-11-06,Трактор,Локомотив,1:3,2:0,0:0,0:1,:
340,338,2014-11-06,Югра,Торпедо НН,1:1,0:0,1:1,1:0,:
341,339,2014-11-06,Лада,ХК Сочи,0:0,1:1,0:2,:,:
342,340,2014-11-06,Нефтехимик,Витязь,2:1,0:0,0:2,:,:
343,341,2014-11-06,Динамо М,Авангард,3:1,0:2,1:1,1:0,:
344,342,2014-11-06,СКА,Металлург Мг,0:1,1:0,0:1,:,:
345,343,2014-11-07,Амур,Атлант,0:0,0:2,0:0,:,:
346,344,2014-11-07,Адмирал,Динамо Мн,2:1,1:2,3:0,:,:
347,345,2014-11-07,Металлург Нк,Медвешчак,0:0,1:2,1:1,:,:
348,346,2014-11-07,Сибирь,Динамо Р,0:0,2:0,1:0,:,:
349,347,2014-11-07,Барыс,Слован,1:0,3:1,2:0,:,:
350,348,2014-11-08,Трактор,Торпедо НН,1:0,0:2,2:0,:,:
351,349,2014-11-08,Югра,Северсталь,1:0,1:1,1:0,:,:
352,350,2014-11-08,Ак Барс,ЦСКА,0:0,1:1,1:1,0:0,0:1
353,351,2014-11-08,Лада,Витязь,2:3,1:0,1:2,:,:
354,352,2014-11-08,Нефтехимик,ХК Сочи,1:3,1:1,1:2,:,:
355,353,2014-11-09,Металлург Нк,Динамо Р,1:0,3:1,2:2,:,:
356,354,2014-11-10,Салават Юлаев,ХК Сочи,2:0,3:0,1:2,:,:
357,355,2014-11-10,Витязь,Динамо М,0:0,0:0,0:1,:,:
358,356,2014-11-11,Югра,Лада,0:1,1:2,1:0,:,:
359,357,2014-11-12,Амур,Автомобилист,0:0,0:1,0:0,:,:
360,358,2014-11-12,Адмирал,Ак Барс,0:3,0:1,1:1,:,:
361,359,2014-11-12,Сибирь,Металлург Мг,1:0,1:0,2:1,:,:
362,360,2014-11-12,Барыс,ХК Сочи,1:1,3:1,0:2,0:0,1:0
363,361,2014-11-12,Салават Юлаев,Авангард,0:1,1:0,0:0,0:0,0:1
364,362,2014-11-12,Торпедо НН,Атлант,0:2,0:0,0:0,:,:
365,363,2014-11-12,ЦСКА,Локомотив,0:0,2:0,0:2,0:0,1:0
366,364,2014-11-12,СКА,Динамо М,0:0,1:3,0:1,:,:
367,365,2014-11-12,Йокерит,Динамо Мн,0:0,2:0,1:1,:,:
368,366,2014-11-12,Слован,Медвешчак,0:1,0:0,1:0,0:0,0:1
369,367,2014-11-13,Трактор,Лада,0:0,0:1,0:0,:,:
370,368,2014-11-13,Югра,Нефтехимик,0:1,2:2,0:1,:,:
371,369,2014-11-14,Амур,Ак Барс,1:2,0:4,0:2,:,:
372,370,2014-11-14,Адмирал,Автомобилист,1:2,0:2,0:0,:,:
373,371,2014-11-14,Металлург Нк,Металлург Мг,1:0,0:1,0:0,1:0,:
374,372,2014-11-14,Барыс,Авангард,0:0,1:1,0:2,:,:
375,373,2014-11-14,Витязь,Локомотив,1:0,2:2,0:1,1:0,:
376,374,2014-11-14,Торпедо НН,Северсталь,1:1,1:1,0:2,:,:
377,375,2014-11-14,ЦСКА,Салават Юлаев,0:0,6:0,1:0,:,:
378,377,2014-11-14,Динамо Р,Динамо Мн,1:0,2:1,1:0,:,:
379,378,2014-11-14,Медвешчак,Атлант,0:0,2:0,2:1,:,:
380,379,2014-11-15,Трактор,Нефтехимик,0:2,5:0,1:0,:,:
381,380,2014-11-16,Амур,Металлург Мг,0:1,2:0,0:0,:,:
382,381,2014-11-16,Металлург Нк,Ак Барс,0:1,0:0,1:2,:,:
383,382,2014-11-16,Сибирь,Автомобилист,0:0,1:1,2:0,:,:
384,383,2014-11-16,Торпедо НН,Локомотив,0:0,1:0,1:0,:,:
385,384,2014-11-16,ЦСКА,Северсталь,2:1,5:1,1:0,:,:
386,385,2014-11-16,Динамо Р,Динамо М,2:0,1:1,0:0,:,:
387,386,2014-11-16,Йокерит,Слован,0:0,2:0,0:1,:,:
388,387,2014-11-16,Медвешчак,Витязь,1:2,1:1,1:3,:,:
389,388,2014-11-17,Лада,Трактор,1:0,3:1,0:0,:,:
390,389,2014-11-17,Нефтехимик,Югра,2:1,1:0,0:0,:,:
391,390,2014-11-17,СКА,Динамо Мн,0:0,3:1,0:1,:,:
392,391,2014-11-18,Адмирал,Металлург Мг,0:1,0:2,2:1,:,:
393,392,2014-11-18,Металлург Нк,Автомобилист,1:1,2:1,0:2,:,:
394,393,2014-11-18,Сибирь,Ак Барс,2:0,2:0,2:1,:,:
395,394,2014-11-18,Салават Юлаев,Барыс,0:0,2:2,3:1,:,:
396,395,2014-11-18,Торпедо НН,Витязь,0:0,2:1,2:0,:,:
397,396,2014-11-18,Атлант,Слован,0:1,0:0,1:1,:,:
398,397,2014-11-19,Северсталь,ЦСКА,0:1,0:0,0:2,:,:
399,398,2014-11-19,ХК Сочи,Трактор,0:0,4:0,0:1,:,:
400,399,2014-11-19,Динамо М,Югра,0:1,2:0,2:0,:,:
401,400,2014-11-19,Медвешчак,Динамо Мн,1:1,0:1,1:3,:,:
402,401,2014-11-20,Авангард,Барыс,0:0,1:0,0:1,0:0,1:0
403,402,2014-11-20,Витязь,Лада,0:0,0:1,0:1,:,:
404,403,2014-11-20,Локомотив,Нефтехимик,1:0,2:0,1:2,:,:
405,404,2014-11-20,Йокерит,СКА,1:0,2:0,0:1,:,:
406,405,2014-11-20,Динамо Р,Слован,0:0,0:0,0:0,0:0,1:0
407,406,2014-11-21,Адмирал,Амур,3:0,0:1,0:1,:,:
408,407,2014-11-21,Металлург Нк,Сибирь,0:1,0:1,1:2,:,:
409,408,2014-11-21,Торпедо НН,ЦСКА,1:2,1:0,1:1,0:0,0:1
410,409,2014-11-21,ХК Сочи,Югра,1:0,2:0,1:1,:,:
411,410,2014-11-22,Автомобилист,Барыс,0:1,0:0,1:0,1:0,:
412,411,2014-11-22,Металлург Мг,Салават Юлаев,1:2,0:1,1:3,:,:
413,412,2014-11-22,Ак Барс,Авангард,2:1,0:0,2:1,:,:
414,413,2014-11-22,Витязь,Нефтехимик,1:0,0:0,1:2,0:0,1:0
415,414,2014-11-22,Локомотив,Лада,0:1,1:0,1:3,:,:
416,415,2014-11-22,Северсталь,Атлант,0:2,1:0,2:1,0:1,:
417,416,2014-11-22,Динамо Р,СКА,0:1,3:0,1:1,:,:
418,417,2014-11-22,Медвешчак,Йокерит,0:0,1:2,0:1,:,:
419,418,2014-11-23,Сибирь,Металлург Нк,2:0,1:1,1:1,:,:
420,419,2014-11-24,Амур,Адмирал,1:0,0:0,1:1,:,:
421,420,2014-11-24,Автомобилист,Салават Юлаев,1:0,0:0,2:0,:,:
422,421,2014-11-24,Металлург Мг,Авангард,0:1,0:2,0:1,:,:
423,422,2014-11-24,Трактор,Лада,1:1,1:0,1:0,:,:
424,423,2014-11-24,Югра,Нефтехимик,0:2,0:2,2:0,:,:
425,424,2014-11-24,Ак Барс,Барыс,1:1,2:1,0:0,:,:
426,425,2014-11-24,ЦСКА,СКА,2:1,1:2,2:0,:,:
427,426,2014-11-24,Динамо М,Атлант,2:0,0:1,0:1,0:0,1:0
428,427,2014-11-24,Динамо Мн,ХК Сочи,1:0,0:3,1:1,:,:
429,428,2014-11-24,Динамо Р,Йокерит,3:1,0:2,0:1,:,:
430,429,2014-11-25,Слован,Локомотив,1:0,0:2,0:1,:,:
431,430,2014-11-25,Медвешчак,Витязь,0:1,2:0,1:0,:,:
432,431,2014-11-26,Автомобилист,Авангард,1:0,2:1,2:1,:,:
433,432,2014-11-26,Ак Барс,Салават Юлаев,0:0,0:0,0:0,0:0,0:1
434,433,2014-11-26,Атлант,ХК Сочи,0:1,1:2,1:1,:,:
435,434,2014-11-27,Лада,Металлург Мг,1:0,1:3,0:1,:,:
436,435,2014-11-27,Северсталь,Торпедо НН,1:1,1:1,1:1,0:0,0:1
437,436,2014-11-27,СКА,Металлург Нк,1:1,4:0,1:1,:,:
438,437,2014-11-27,Йокерит,Сибирь,0:0,1:1,2:0,:,:
439,438,2014-11-27,Слован,Витязь,0:0,0:1,0:1,:,:
440,439,2014-11-27,Медвешчак,Локомотив,2:0,1:1,0:2,0:1,:
441,440,2014-11-28,Авангард,Салават Юлаев,0:1,2:0,0:0,:,:
442,441,2014-11-28,Динамо Р,Амур,2:1,1:0,0:0,:,:
443,442,2014-11-29,Барыс,Адмирал,1:0,1:2,2:2,0:1,:
444,443,2014-11-29,Трактор,Металлург Мг,0:0,0:2,2:0,0:1,:
445,444,2014-11-29,Югра,Автомобилист,2:0,2:0,0:0,:,:
446,445,2014-11-29,Витязь,Северсталь,0:2,1:2,1:1,:,:
447,446,2014-11-29,Динамо М,ЦСКА,1:0,0:2,2:1,0:0,0:1
448,447,2014-11-29,Нефтехимик,Ак Барс,0:1,0:2,1:1,:,:
449,448,2014-11-29,СКА,Сибирь,0:2,2:1,3:1,:,:
450,449,2014-11-29,Динамо Мн,Медвешчак,1:0,1:1,2:2,:,:
451,450,2014-11-29,Динамо Р,Металлург Нк,0:0,1:0,0:0,:,:
452,451,2014-11-29,ХК Сочи,Торпедо НН,2:0,1:1,1:0,:,:
453,452,2014-11-29,Слован,Атлант,1:0,0:1,0:0,0:0,1:0
454,453,2014-11-30,Йокерит,Амур,0:0,2:2,0:0,0:0,1:0
455,454,2014-12-01,Авангард,Адмирал,2:0,1:3,1:0,:,:
456,455,2014-12-01,Салават Юлаев,Барыс,0:0,3:1,0:1,:,:
457,457,2014-12-01,Югра,Металлург Мг,1:0,1:0,1:0,:,:
458,458,2014-12-01,Витязь,Атлант,1:0,0:0,0:1,0:0,1:0
459,460,2014-12-01,ХК Сочи,Северсталь,0:1,2:1,0:0,1:0,:
460,461,2014-12-01,Динамо М,Торпедо НН,1:1,2:1,2:1,:,:
461,462,2014-12-01,Динамо Р,Сибирь,0:0,1:2,1:1,:,:
462,463,2014-12-01,Слован,Металлург Нк,1:0,3:0,1:0,:,:
463,755,2014-12-01,Йокерит,Ак Барс,1:1,0:1,1:2,:,:
464,464,2014-12-02,СКА,Амур,2:0,2:1,3:0,:,:
465,465,2014-12-03,Салават Юлаев,Адмирал,2:0,0:1,0:0,:,:
466,466,2014-12-03,Трактор,Ак Барс,0:1,1:1,1:0,0:0,0:1
467,467,2014-12-03,Витязь,Торпедо НН,0:0,0:1,3:0,:,:
468,468,2014-12-03,Лада,Автомобилист,1:0,1:0,2:2,:,:
469,469,2014-12-03,Локомотив,Динамо Мн,0:1,2:1,2:3,:,:
470,470,2014-12-03,Нефтехимик,Металлург Мг,0:1,0:1,1:1,:,:
471,471,2014-12-03,ХК Сочи,Слован,0:0,4:0,0:1,:,:
472,472,2014-12-03,ЦСКА,Северсталь,4:1,1:0,4:0,:,:
473,473,2014-12-03,Атлант,Сибирь,0:3,0:0,2:2,:,:
474,474,2014-12-03,Динамо М,Медвешчак,0:0,2:1,0:1,0:0,0:1
475,475,2014-12-03,Йокерит,Металлург Нк,4:0,2:1,0:0,:,:
476,476,2014-12-04,Барыс,Авангард,0:0,0:1,0:1,:,:
477,477,2014-12-05,Югра,Ак Барс,0:1,2:1,1:1,0:0,1:0
478,478,2014-12-05,Витязь,Динамо Мн,2:3,1:1,0:1,:,:
479,479,2014-12-05,Нефтехимик,Автомобилист,1:1,0:2,0:1,:,:
480,480,2014-12-05,ХК Сочи,Медвешчак,4:0,1:1,1:1,:,:
481,481,2014-12-05,Динамо М,Слован,4:0,1:2,2:0,:,:
482,482,2014-12-06,Локомотив,ЦСКА,0:2,0:1,0:1,:,:
483,483,2014-12-07,Атлант,Динамо Р,2:1,1:0,1:0,:,:
484,484,2014-12-07,Динамо М,СКА,1:0,0:0,1:1,:,:
485,485,2014-12-08,Амур,Нефтехимик,0:0,0:0,0:2,:,:
486,486,2014-12-08,Адмирал,Лада,1:0,2:0,0:0,:,:
487,487,2014-12-08,Металлург Нк,Югра,0:0,0:0,0:1,:,:
488,488,2014-12-08,Сибирь,Трактор,0:0,0:0,0:1,:,:
489,489,2014-12-08,Северсталь,ХК Сочи,1:0,1:0,0:2,0:0,0:1
490,490,2014-12-08,Динамо Мн,Салават Юлаев,1:0,2:0,1:0,:,:
491,491,2014-12-08,Слован,Авангард,0:3,1:0,2:2,:,:
492,492,2014-12-08,Медвешчак,Барыс,1:2,1:0,1:3,:,:
493,493,2014-12-09,Автомобилист,Йокерит,0:0,2:0,2:0,:,:
494,494,2014-12-09,Металлург Мг,СКА,0:1,1:1,2:1,1:0,:
495,495,2014-12-09,Ак Барс,Динамо Р,1:1,2:1,0:0,:,:
496,496,2014-12-10,Амур,Лада,1:0,2:2,0:0,:,:
497,497,2014-12-10,Адмирал,Нефтехимик,1:2,1:1,3:0,:,:
498,498,2014-12-10,Металлург Нк,Трактор,0:2,0:1,1:3,:,:
499,499,2014-12-10,Сибирь,Югра,2:1,3:0,0:1,:,:
500,500,2014-12-10,Витязь,ЦСКА,0:1,0:2,1:1,:,:
501,501,2014-12-10,Северсталь,Локомотив,1:0,0:0,1:1,:,:
502,502,2014-12-10,Торпедо НН,ХК Сочи,1:1,2:2,1:3,:,:
503,503,2014-12-10,Атлант,Салават Юлаев,0:0,5:0,1:1,:,:
504,504,2014-12-10,Слован,Барыс,2:1,1:1,0:0,:,:
505,505,2014-12-10,Медвешчак,Авангард,0:4,1:1,1:1,:,:
506,506,2014-12-11,Автомобилист,СКА,0:3,0:1,1:1,:,:
507,507,2014-12-11,Металлург Мг,Динамо Р,3:1,1:3,1:0,:,:
508,508,2014-12-11,Ак Барс,Йокерит,0:2,0:0,1:0,:,:
509,509,2014-12-12,Амур,Трактор,0:3,1:0,1:1,:,:
510,510,2014-12-12,Адмирал,Югра,1:1,0:1,0:0,:,:
511,511,2014-12-12,Металлург Нк,Лада,2:1,2:2,1:0,:,:
512,512,2014-12-12,Сибирь,Нефтехимик,2:2,3:0,2:0,:,:
513,513,2014-12-12,Северсталь,Витязь,0:0,1:0,1:4,:,:
514,514,2014-12-12,Торпедо НН,Локомотив,0:1,0:1,1:0,:,:
515,515,2014-12-12,ХК Сочи,Динамо М,0:1,1:3,0:2,:,:
516,516,2014-12-12,Атлант,Барыс,1:0,2:3,0:1,:,:
517,517,2014-12-12,Динамо Мн,Авангард,2:1,3:1,1:0,:,:
518,518,2014-12-12,Слован,Салават Юлаев,0:1,1:0,1:1,0:0,1:0
519,519,2014-12-13,Автомобилист,Динамо Р,0:1,0:0,0:2,:,:
520,520,2014-12-13,Металлург Мг,Йокерит,0:2,3:1,0:1,:,:
521,521,2014-12-13,Ак Барс,СКА,1:0,1:0,1:1,:,:
522,522,2014-12-14,Адмирал,Трактор,1:1,2:1,0:1,0:0,1:0
523,523,2014-12-14,Амур,Югра,1:0,0:2,0:1,:,:
524,524,2014-12-14,Металлург Нк,Нефтехимик,1:1,1:0,0:1,0:0,1:0
525,525,2014-12-14,Сибирь,Лада,2:0,1:2,1:1,:,:
526,526,2014-12-14,Атлант,Авангард,2:0,1:0,0:1,:,:
527,527,2014-12-14,Торпедо НН,Витязь,4:1,0:0,1:0,:,:
528,528,2014-12-14,ЦСКА,Динамо М,0:1,0:0,1:1,:,:
529,529,2014-12-14,Динамо Мн,Барыс,2:0,0:1,3:1,:,:
530,530,2014-12-14,ХК Сочи,Локомотив,0:1,1:6,1:2,:,:
531,531,2014-12-14,Медвешчак,Салават Юлаев,0:1,0:0,1:2,:,:
532,532,2014-12-15,Слован,Йокерит,2:0,2:2,2:0,:,:
533,533,2014-12-22,Слован,Лада,1:1,0:0,1:1,0:0,0:1
534,534,2014-12-22,Медвешчак,Нефтехимик,2:0,2:1,1:2,:,:
535,778,2014-12-22,Йокерит,Динамо Р,2:1,1:0,0:0,:,:
536,535,2014-12-23,Локомотив,Витязь,2:1,1:1,1:0,:,:
537,536,2014-12-24,Амур,Сибирь,0:3,0:0,1:1,:,:
538,538,2014-12-24,Барыс,Ак Барс,0:2,1:1,0:1,:,:
539,539,2014-12-24,Металлург Мг,Автомобилист,0:0,2:0,1:0,:,:
540,540,2014-12-24,Салават Юлаев,Авангард,1:0,2:2,0:1,0:1,:
541,541,2014-12-24,Трактор,Лада,0:0,1:0,1:1,:,:
542,542,2014-12-24,Динамо Мн,СКА,0:0,1:1,0:0,0:0,1:0
543,543,2014-12-24,Динамо Р,ЦСКА,3:1,1:2,0:2,:,:
544,544,2014-12-24,Северсталь,Динамо М,1:0,1:2,3:0,:,:
545,545,2014-12-24,Торпедо НН,ХК Сочи,1:2,1:0,0:0,1:0,:
546,546,2014-12-24,Слован,Нефтехимик,0:1,1:1,3:4,:,:
547,547,2014-12-25,Амур,Сибирь,1:3,2:1,0:1,:,:
548,549,2014-12-25,Локомотив,Атлант,4:0,2:2,0:1,:,:
549,550,2014-12-26,Автомобилист,Ак Барс,0:0,1:0,2:0,:,:
550,551,2014-12-26,Металлург Мг,Барыс,1:4,5:2,0:0,0:0,1:0
551,553,2014-12-26,Северсталь,ХК Сочи,0:0,1:0,0:0,:,:
552,554,2014-12-26,Слован,СКА,0:3,0:2,1:1,:,:
553,555,2014-12-26,Торпедо НН,Динамо М,0:0,1:0,0:1,0:0,1:0
554,556,2014-12-26,ЦСКА,Авангард,2:1,1:0,0:0,:,:
555,557,2014-12-27,Витязь,Атлант,0:1,2:1,0:2,:,:
556,558,2014-12-27,Динамо Мн,Динамо Р,0:1,0:0,1:0,1:0,:
557,559,2014-12-28,Авангард,Барыс,0:0,1:1,2:0,:,:
558,560,2014-12-28,Металлург Нк,Амур,1:1,0:1,1:1,:,:
559,561,2014-12-28,Сибирь,Адмирал,2:0,0:0,1:0,:,:
560,562,2014-12-28,Металлург Мг,Ак Барс,1:1,0:1,1:1,:,:
561,563,2014-12-28,Лада,Югра,1:1,0:1,2:1,0:0,1:0
562,564,2014-12-28,Локомотив,Северсталь,1:0,1:1,0:0,:,:
563,566,2014-12-28,ЦСКА,ХК Сочи,1:0,2:3,2:0,:,:
564,567,2014-12-28,СКА,Динамо М,0:0,0:1,1:1,:,:
565,568,2014-12-29,Атлант,Динамо Р,0:1,0:2,2:0,:,:
566,569,2014-12-29,Динамо Мн,Витязь,1:2,2:0,2:2,:,:
567,570,2014-12-30,Металлург Нк,Адмирал,1:2,0:1,0:1,:,:
568,571,2014-12-30,Сибирь,Амур,4:0,2:2,0:0,:,:
569,572,2014-12-30,Барыс,Трактор,1:1,1:1,2:0,:,:
570,573,2014-12-30,Ак Барс,Югра,2:0,0:1,1:1,:,:
571,574,2014-12-30,Локомотив,ХК Сочи,0:0,3:1,1:1,:,:
572,575,2014-12-30,Северсталь,Торпедо НН,0:1,0:1,2:0,0:0,0:1
573,576,2015-01-03,Автомобилист,Нефтехимик,0:0,1:2,1:0,0:0,0:1
574,577,2015-01-03,Металлург Мг,Лада,0:0,2:0,0:0,:,:
575,579,2015-01-03,Йокерит,Динамо Мн,3:1,0:1,2:0,:,:
576,580,2015-01-04,Медвешчак,Слован,0:2,3:2,2:0,:,:
577,581,2015-01-05,Металлург Нк,Салават Юлаев,1:3,1:1,3:0,:,:
578,582,2015-01-05,Сибирь,Авангард,1:0,2:0,1:0,:,:
579,583,2015-01-05,Металлург Мг,Нефтехимик,0:1,1:0,0:2,:,:
580,584,2015-01-05,Трактор,Югра,1:1,1:0,3:1,:,:
581,585,2015-01-05,Ак Барс,Лада,1:0,0:0,2:0,:,:
582,586,2015-01-05,Атлант,Динамо Мн,1:0,1:3,0:1,:,:
583,587,2015-01-05,Северсталь,Локомотив,1:1,0:0,0:0,0:0,0:1
584,588,2015-01-05,ЦСКА,Динамо М,0:0,0:0,1:0,:,:
585,589,2015-01-05,Йокерит,СКА,1:1,0:2,0:0,:,:
586,590,2015-01-05,ХК Сочи,Витязь,2:0,2:2,1:0,:,:
587,591,2015-01-06,Адмирал,Амур,2:0,2:1,2:2,:,:
588,592,2015-01-07,Автомобилист,Лада,1:1,1:1,0:0,1:0,:
589,593,2015-01-07,Салават Юлаев,Барыс,0:0,1:1,0:2,:,:
590,594,2015-01-07,Ак Барс,Нефтехимик,1:2,1:0,1:0,:,:
591,595,2015-01-07,Торпедо НН,Северсталь,0:1,0:1,0:2,:,:
592,596,2015-01-07,ЦСКА,Витязь,0:0,1:0,1:2,1:0,:
593,597,2015-01-07,ХК Сочи,Локомотив,1:4,1:0,0:0,:,:
594,598,2015-01-07,Динамо Р,Йокерит,1:0,1:1,1:1,:,:
595,599,2015-01-08,Авангард,Динамо М,0:1,2:3,1:3,:,:
596,600,2015-01-08,Трактор,Сибирь,0:0,1:2,1:0,1:0,:
597,601,2015-01-08,Югра,Металлург Нк,2:0,0:1,1:0,:,:
598,602,2015-01-08,Атлант,Медвешчак,0:1,1:1,1:1,:,:
599,603,2015-01-08,Динамо Мн,Слован,1:0,1:1,0:1,0:0,1:0
600,604,2015-01-09,СКА,Торпедо НН,2:0,2:2,1:0,:,:
601,605,2015-01-09,Йокерит,Северсталь,1:2,0:0,2:0,:,:
602,606,2015-01-10,Авангард,Ак Барс,0:1,2:0,1:1,:,:
603,607,2015-01-10,Барыс,Автомобилист,2:0,2:1,0:0,:,:
604,608,2015-01-10,Салават Юлаев,Металлург Мг,0:0,1:0,2:2,:,:
605,609,2015-01-10,Трактор,Амур,2:2,3:2,1:0,:,:
606,610,2015-01-10,Югра,Адмирал,1:2,2:3,0:1,:,:
607,611,2015-01-10,Атлант,Динамо М,0:0,0:0,2:3,:,:
608,612,2015-01-10,Витязь,Медвешчак,1:1,1:0,0:1,0:1,:
609,613,2015-01-10,Лада,Металлург Нк,2:1,3:1,1:1,:,:
610,614,2015-01-10,Локомотив,Слован,0:0,0:1,0:1,:,:
611,615,2015-01-10,Нефтехимик,Сибирь,0:0,1:1,0:1,:,:
612,616,2015-01-10,ХК Сочи,Динамо Мн,1:1,0:0,1:2,:,:
613,617,2015-01-11,СКА,Северсталь,2:0,1:2,0:1,1:0,:
614,618,2015-01-11,Динамо Р,Торпедо НН,2:0,0:1,0:0,:,:
615,657,2015-01-11,ЦСКА,Йокерит,1:1,1:1,1:1,1:0,:
616,620,2015-01-12,Авангард,Автомобилист,0:0,0:0,2:1,:,:
617,621,2015-01-12,Барыс,Металлург Мг,0:3,0:0,2:0,:,:
618,622,2015-01-12,Салават Юлаев,Ак Барс,1:1,2:0,2:2,:,:
619,623,2015-01-12,Трактор,Адмирал,0:1,3:0,0:0,:,:
620,624,2015-01-12,Югра,Амур,0:1,2:0,2:1,:,:
621,625,2015-01-12,Витязь,Слован,0:0,0:1,1:0,1:0,:
622,626,2015-01-12,Лада,Сибирь,1:1,0:1,0:1,:,:
623,627,2015-01-12,Локомотив,Медвешчак,3:1,0:1,1:1,:,:
624,628,2015-01-12,Нефтехимик,Металлург Нк,0:0,2:0,4:0,:,:
625,629,2015-01-12,ХК Сочи,Атлант,4:0,1:4,1:0,:,:
626,630,2015-01-13,СКА,ЦСКА,2:0,1:1,0:0,:,:
627,631,2015-01-13,Динамо Мн,Динамо М,1:0,0:0,1:2,0:0,1:0
628,633,2015-01-13,Динамо Р,Северсталь,0:0,1:0,1:0,:,:
629,678,2015-01-13,Торпедо НН,Йокерит,0:1,0:2,3:1,:,:
630,634,2015-01-14,Авангард,Металлург Мг,0:2,1:1,0:0,:,:
631,635,2015-01-14,Салават Юлаев,Автомобилист,2:2,1:1,0:2,:,:
632,636,2015-01-14,Трактор,Металлург Нк,3:0,0:0,0:2,:,:
633,637,2015-01-14,Югра,Сибирь,1:1,0:0,1:3,:,:
634,638,2015-01-14,Лада,Адмирал,0:1,1:0,1:0,:,:
635,639,2015-01-14,Нефтехимик,Амур,1:1,1:0,0:0,:,:
636,578,2015-01-15,Динамо Р,СКА,0:0,1:1,1:1,0:0,0:1
637,640,2015-01-15,ЦСКА,Торпедо НН,1:0,0:0,0:0,:,:
638,641,2015-01-15,Атлант,Витязь,1:0,2:1,0:0,:,:
639,642,2015-01-15,Динамо Мн,Локомотив,1:0,1:0,1:0,:,:
640,643,2015-01-15,Слован,ХК Сочи,1:1,0:2,2:2,:,:
641,644,2015-01-15,Медвешчак,Динамо М,1:2,2:1,0:0,0:1,:
642,645,2015-01-16,Ак Барс,Автомобилист,1:0,0:2,0:1,:,:
643,646,2015-01-16,Лада,Амур,2:0,2:1,0:1,:,:
644,648,2015-01-17,Авангард,Барыс,0:1,1:0,3:0,:,:
645,649,2015-01-17,Сибирь,Салават Юлаев,1:3,0:0,0:1,:,:
646,650,2015-01-17,Атлант,Локомотив,0:1,0:2,1:1,:,:
647,651,2015-01-17,Динамо Мн,Витязь,0:2,1:0,1:3,:,:
648,652,2015-01-17,Слован,Динамо М,0:0,0:2,0:0,:,:
649,653,2015-01-17,Медвешчак,ХК Сочи,1:1,1:1,0:0,1:0,:
650,456,2015-01-18,Трактор,Автомобилист,2:0,0:1,2:0,:,:
651,552,2015-01-18,Югра,Нефтехимик,0:2,1:2,0:1,:,:
652,619,2015-01-18,Йокерит,ЦСКА,0:0,1:0,1:1,:,:
653,654,2015-01-18,Металлург Мг,Ак Барс,0:0,0:1,3:0,:,:
654,655,2015-01-18,Северсталь,СКА,0:1,1:1,1:2,:,:
655,656,2015-01-18,Торпедо НН,Динамо Р,0:1,3:2,0:0,0:0,0:1
656,658,2015-01-19,Амур,Адмирал,0:1,0:1,2:0,0:1,:
657,659,2015-01-19,Барыс,Салават Юлаев,0:0,1:0,2:2,:,:
658,660,2015-01-20,Металлург Нк,Сибирь,0:1,2:2,0:2,:,:
659,661,2015-01-20,Автомобилист,Металлург Мг,0:0,0:0,1:1,0:0,0:1
660,662,2015-01-20,Витязь,Югра,2:2,0:1,1:0,0:1,:
661,663,2015-01-20,Локомотив,Трактор,0:0,0:0,1:0,:,:
662,664,2015-01-20,Северсталь,Йокерит,0:0,2:1,0:0,:,:
663,665,2015-01-20,Торпедо НН,СКА,0:0,0:0,0:0,0:0,0:1
664,666,2015-01-20,ХК Сочи,Нефтехимик,0:0,1:1,1:1,0:0,0:1
665,667,2015-01-20,ЦСКА,Динамо Р,1:0,1:0,1:0,:,:
666,668,2015-01-20,Динамо М,Лада,0:0,0:1,1:1,:,:
667,669,2015-01-20,Слован,Динамо Мн,2:2,1:2,1:2,:,:
668,670,2015-01-20,Медвешчак,Атлант,0:0,2:2,0:1,:,:
669,671,2015-01-21,Адмирал,Амур,1:1,1:1,2:2,0:0,0:1
670,672,2015-01-21,Авангард,Салават Юлаев,1:2,2:2,1:0,0:1,:
671,632,2015-01-22,Йокерит,Торпедо НН,1:1,2:1,0:0,:,:
672,673,2015-01-22,Барыс,Сибирь,1:1,0:1,2:0,:,:
673,674,2015-01-22,Ак Барс,Металлург Мг,0:0,1:0,2:0,:,:
674,675,2015-01-22,Витязь,Трактор,3:1,0:1,1:0,:,:
675,676,2015-01-22,Локомотив,Югра,1:0,3:0,1:2,:,:
676,677,2015-01-22,Северсталь,Динамо Р,1:1,1:1,1:2,:,:
677,679,2015-01-22,ЦСКА,СКА,1:1,0:1,0:1,:,:
678,680,2015-01-22,Динамо М,Нефтехимик,0:0,1:0,1:0,:,:
679,681,2015-01-22,Слован,Атлант,1:2,1:0,2:3,:,:
680,682,2015-01-22,Медвешчак,Динамо Мн,1:0,3:0,0:2,:,:
681,537,2015-01-23,Адмирал,Металлург Нк,0:1,0:0,1:0,0:0,0:1
682,548,2015-01-24,Адмирал,Металлург Нк,0:1,1:1,2:0,:,:
683,565,2015-01-26,Нефтехимик,Трактор,1:1,2:1,1:0,:,:
684,738,2015-01-26,Салават Юлаев,СКА,1:0,1:0,1:1,:,:
685,683,2015-01-27,Металлург Нк,Амур,2:1,0:2,0:1,:,:
686,684,2015-01-27,Сибирь,Адмирал,0:0,0:0,2:1,:,:
687,685,2015-01-28,Авангард,ЦСКА,1:2,1:2,0:0,:,:
688,686,2015-01-28,Автомобилист,Трактор,0:0,1:0,0:3,:,:
689,687,2015-01-28,Барыс,Северсталь,1:1,0:1,1:0,1:0,:
690,688,2015-01-28,Металлург Мг,Динамо Мн,1:1,1:0,1:1,:,:
691,689,2015-01-28,Салават Юлаев,Торпедо НН,0:2,0:2,0:2,:,:
692,690,2015-01-28,Ак Барс,Югра,2:0,0:0,1:1,:,:
693,691,2015-01-28,Локомотив,Витязь,0:0,0:1,1:0,0:0,1:0
694,692,2015-01-28,Динамо М,ХК Сочи,1:0,1:0,1:0,:,:
695,693,2015-01-28,СКА,Слован,0:0,0:1,1:0,0:0,0:1
696,694,2015-01-28,Йокерит,Медвешчак,0:0,1:2,0:2,:,:
697,695,2015-01-28,Динамо Р,Атлант,0:1,1:0,2:0,:,:
698,696,2015-01-29,Металлург Нк,Адмирал,2:3,2:0,0:1,0:0,1:0
699,697,2015-01-29,Сибирь,Амур,0:0,3:1,1:0,:,:
700,698,2015-01-29,Нефтехимик,Лада,1:1,2:1,0:1,0:0,1:0
701,699,2015-01-30,Авангард,Торпедо НН,1:0,0:1,1:2,:,:
702,700,2015-01-30,Автомобилист,Динамо Мн,0:1,2:0,1:2,0:0,1:0
703,701,2015-01-30,Барыс,ЦСКА,0:2,0:3,1:0,:,:
704,702,2015-01-30,Металлург Мг,Югра,1:0,1:2,3:1,:,:
705,703,2015-01-30,Салават Юлаев,Северсталь,2:0,2:3,0:2,:,:
706,704,2015-01-30,Ак Барс,Трактор,0:1,1:0,1:0,:,:
707,705,2015-01-30,ХК Сочи,Витязь,1:1,1:1,3:0,:,:
708,706,2015-01-30,СКА,Атлант,1:1,0:1,0:1,:,:
709,707,2015-01-30,Йокерит,Слован,1:0,1:0,2:0,:,:
710,708,2015-01-30,Динамо Р,Медвешчак,0:0,0:1,1:1,:,:
711,709,2015-01-30,Динамо М,Локомотив,0:0,1:0,0:0,:,:
712,710,2015-02-01,Адмирал,Сибирь,0:0,2:1,0:0,:,:
713,711,2015-02-01,Амур,Металлург Нк,0:1,0:1,0:1,:,:
714,712,2015-02-01,Авангард,Северсталь,0:1,0:1,2:0,0:1,:
715,713,2015-02-01,Автомобилист,Югра,0:0,1:0,1:0,:,:
716,714,2015-02-01,Металлург Мг,Трактор,0:0,1:0,1:0,:,:
717,715,2015-02-01,Салават Юлаев,ЦСКА,0:0,1:2,0:0,:,:
718,716,2015-02-01,Ак Барс,Динамо Мн,1:0,1:1,0:0,:,:
719,717,2015-02-01,Лада,Нефтехимик,0:1,5:0,1:1,:,:
720,718,2015-02-01,СКА,Медвешчак,3:0,0:1,2:1,:,:
721,719,2015-02-01,Динамо Р,Слован,3:0,2:0,1:0,:,:
722,720,2015-02-01,Йокерит,Атлант,0:0,0:0,2:0,:,:
723,723,2015-02-01,ХК Сочи,Локомотив,0:1,2:0,2:0,:,:
724,724,2015-02-01,Динамо М,Витязь,1:1,1:1,1:0,:,:
725,721,2015-02-02,Амур,Металлург Нк,0:0,1:1,1:0,:,:
726,722,2015-02-02,Адмирал,Сибирь,0:0,1:2,1:2,:,:
727,725,2015-02-03,Автомобилист,Лада,1:1,0:0,0:0,0:0,0:1
728,726,2015-02-03,Трактор,Нефтехимик,0:1,2:1,0:1,:,:
729,727,2015-02-03,Атлант,Слован,2:0,2:3,0:0,:,:
730,728,2015-02-03,Динамо Мн,Медвешчак,1:0,1:0,1:2,:,:
731,729,2015-02-03,Авангард,СКА,1:2,1:1,0:0,:,:
732,731,2015-02-03,Ак Барс,Динамо М,1:1,0:2,0:1,:,:
733,733,2015-02-03,ЦСКА,Локомотив,1:1,2:0,0:1,:,:
734,730,2015-02-04,Салават Юлаев,Йокерит,0:1,0:0,0:1,:,:
735,732,2015-02-04,ХК Сочи,Барыс,1:1,0:3,1:0,:,:
736,734,2015-02-05,Югра,Лада,1:0,0:1,0:0,0:0,1:0
737,735,2015-02-05,Нефтехимик,Адмирал,0:0,1:0,2:2,:,:
738,736,2015-02-05,Динамо Р,Автомобилист,1:2,0:0,0:1,:,:
739,737,2015-02-06,Авангард,Йокерит,1:1,2:0,1:2,:,:
740,739,2015-02-06,Северсталь,Металлург Нк,1:0,1:0,1:0,:,:
741,740,2015-02-06,Торпедо НН,Барыс,0:0,0:1,2:0,:,:
742,741,2015-02-06,ХК Сочи,Сибирь,0:0,4:1,3:2,:,:
743,742,2015-02-07,Атлант,Автомобилист,1:1,0:1,1:0,0:0,0:1
744,743,2015-02-07,Витязь,Адмирал,0:0,1:0,1:1,:,:
745,744,2015-02-07,Динамо Мн,Югра,0:0,1:1,2:0,:,:
746,745,2015-02-07,Динамо Р,Трактор,1:0,1:3,0:1,:,:
747,747,2015-02-08,Северсталь,Сибирь,0:1,0:2,0:0,:,:
748,749,2015-02-08,Торпедо НН,Металлург Нк,2:1,1:1,0:0,:,:
749,376,2015-02-09,Йокерит,Динамо М,0:0,0:1,1:1,:,:
750,746,2015-02-09,Металлург Мг,ЦСКА,0:0,1:2,0:1,:,:
751,748,2015-02-09,СКА,Ак Барс,0:2,1:1,0:2,:,:
752,750,2015-02-09,Витязь,Амур,1:1,0:1,2:0,:,:
753,751,2015-02-09,Лада,Автомобилист,1:0,0:1,0:2,:,:
754,752,2015-02-09,Локомотив,Адмирал,0:0,0:2,0:1,:,:
755,753,2015-02-09,Атлант,Югра,3:0,1:1,2:0,:,:
756,754,2015-02-09,Динамо Мн,Трактор,1:0,0:1,1:3,:,:
757,756,2015-02-11,Металлург Нк,Барыс,1:1,0:0,1:1,0:0,1:0
758,757,2015-02-11,Сибирь,Авангард,0:0,0:1,1:0,0:0,0:1
759,758,2015-02-11,Металлург Мг,Нефтехимик,1:1,1:1,2:1,:,:
760,759,2015-02-11,Югра,Трактор,0:0,1:1,0:0,0:1,:
761,760,2015-02-11,Витязь,Динамо М,1:2,1:3,1:1,:,:
762,761,2015-02-11,Локомотив,Амур,0:0,1:0,0:1,1:0,:
763,762,2015-02-11,Северсталь,Медвешчак,1:1,2:1,0:1,0:0,1:0
764,763,2015-02-11,Торпедо НН,ХК Сочи,0:0,0:1,1:0,0:0,1:0
765,764,2015-02-11,ЦСКА,Слован,6:0,2:0,4:0,:,:
766,765,2015-02-11,СКА,Динамо Р,0:1,0:0,3:0,:,:
767,766,2015-02-12,Адмирал,Салават Юлаев,0:1,0:1,1:1,:,:
768,767,2015-02-12,Динамо Мн,Атлант,0:1,1:1,1:1,:,:
769,768,2015-02-13,Адмирал,Салават Юлаев,1:1,1:1,4:0,:,:
770,769,2015-02-13,Металлург Нк,Авангард,1:2,1:0,0:1,:,:
771,770,2015-02-13,Сибирь,Барыс,2:0,0:0,2:0,:,:
772,771,2015-02-13,Автомобилист,Нефтехимик,1:1,0:1,1:1,:,:
773,772,2015-02-13,Металлург Мг,Трактор,1:1,0:0,0:0,1:0,:
774,773,2015-02-13,Ак Барс,Лада,0:0,1:1,0:1,:,:
775,774,2015-02-13,Витязь,ХК Сочи,0:3,0:2,1:0,:,:
776,775,2015-02-13,Локомотив,Динамо М,2:0,1:1,1:2,:,:
777,776,2015-02-13,Торпедо НН,Слован,0:0,3:0,0:1,:,:
778,777,2015-02-13,ЦСКА,Медвешчак,0:2,4:0,1:0,:,:
779,779,2015-02-14,Атлант,Динамо Мн,1:1,1:2,2:0,:,:
780,780,2015-02-15,Адмирал,Авангард,1:0,1:1,1:0,:,:
781,781,2015-02-15,Амур,Барыс,1:0,1:3,1:2,:,:
782,782,2015-02-15,Металлург Нк,Салават Юлаев,3:0,1:1,1:1,:,:
783,783,2015-02-15,Металлург Мг,Лада,0:1,1:0,2:2,0:1,:
784,784,2015-02-15,Трактор,Югра,0:1,2:0,2:1,:,:
785,785,2015-02-15,Ак Барс,Нефтехимик,0:2,0:0,1:0,:,:
786,786,2015-02-15,Локомотив,ХК Сочи,0:1,1:0,0:0,0:1,:
787,787,2015-02-15,Северсталь,Слован,0:0,2:0,2:2,:,:
788,788,2015-02-15,СКА,Йокерит,1:0,0:1,0:0,0:0,1:0
789,789,2015-02-15,Торпедо НН,Медвешчак,1:0,1:1,1:0,:,:
790,790,2015-02-15,ЦСКА,Динамо М,0:0,0:1,0:1,:,:
791,791,2015-02-16,Амур,Барыс,0:1,0:2,2:0,:,:
792,792,2015-02-16,Адмирал,Авангард,1:0,1:1,0:1,0:1,:
793,793,2015-02-17,Сибирь,Салават Юлаев,0:1,2:1,2:0,:,:
794,794,2015-02-17,Витязь,Медвешчак,1:0,0:1,2:0,:,:
795,795,2015-02-18,Трактор,Ак Барс,0:0,0:0,1:1,0:0,1:0
796,796,2015-02-18,Лада,Автомобилист,0:2,1:1,0:0,:,:
797,797,2015-02-18,Локомотив,ЦСКА,1:1,0:1,1:0,0:0,0:1
798,798,2015-02-18,Нефтехимик,Металлург Мг,1:1,2:0,1:1,:,:
799,799,2015-02-18,ХК Сочи,Торпедо НН,1:0,2:0,0:4,:,:
800,800,2015-02-18,Атлант,Йокерит,0:1,0:1,2:2,:,:
801,801,2015-02-18,Динамо М,Северсталь,0:1,1:1,0:1,:,:
802,802,2015-02-18,Динамо Мн,СКА,0:2,1:1,0:4,:,:
803,803,2015-02-18,Слован,Динамо Р,1:3,1:0,1:1,:,:
804,804,2015-02-20,Авангард,Сибирь,2:0,0:0,1:0,:,:
805,805,2015-02-20,Барыс,Металлург Нк,2:0,0:0,0:0,:,:
806,806,2015-02-20,Югра,Ак Барс,1:0,0:0,0:1,0:0,0:1
807,807,2015-02-20,Лада,Металлург Мг,0:2,1:1,2:1,:,:
808,808,2015-02-20,Локомотив,Торпедо НН,2:0,0:1,0:0,:,:
809,809,2015-02-20,Нефтехимик,Автомобилист,3:3,1:2,0:0,:,:
810,810,2015-02-20,ХК Сочи,Северсталь,1:3,0:1,3:0,0:0,0:1
811,811,2015-02-20,Атлант,СКА,0:0,0:0,1:0,:,:
812,812,2015-02-20,Динамо М,ЦСКА,0:1,0:0,1:0,1:0,:
813,813,2015-02-20,Динамо Мн,Йокерит,0:1,3:0,0:0,:,:
814,814,2015-02-20,Медвешчак,Динамо Р,0:3,1:0,0:0,:,:
815,815,2015-02-21,Амур,Адмирал,0:1,1:0,0:1,:,:
816,816,2015-02-22,Барыс,Сибирь,0:0,0:0,1:0,:,:
817,817,2015-02-22,Салават Юлаев,Металлург Нк,0:0,3:1,1:0,:,:
818,818,2015-02-22,Трактор,Металлург Мг,0:1,1:2,1:1,:,:
819,819,2015-02-22,Югра,Автомобилист,1:0,0:0,0:0,:,:
820,820,2015-02-22,Витязь,Северсталь,1:3,0:0,0:1,:,:
821,821,2015-02-22,Динамо М,Торпедо НН,2:0,0:2,0:1,:,:
822,822,2015-02-22,Лада,Ак Барс,0:2,0:1,1:1,:,:
823,823,2015-02-22,Динамо Мн,Динамо Р,0:0,0:0,1:0,:,:
824,824,2015-02-22,ХК Сочи,ЦСКА,0:0,1:1,1:1,0:0,0:1
825,825,2015-02-22,Слован,СКА,1:0,1:0,3:2,:,:
826,826,2015-02-22,Медвешчак,Йокерит,1:1,3:1,0:2,0:0,0:1
827,827,2015-02-24,Адмирал,Амур,1:0,1:0,4:0,:,:
828,828,2015-02-24,Авангард,Металлург Нк,0:0,2:0,0:2,0:1,:
829,829,2015-02-24,Барыс,Торпедо НН,2:0,0:1,2:1,:,:
830,830,2015-02-24,Салават Юлаев,Сибирь,0:0,2:2,1:0,:,:
831,831,2015-02-24,Трактор,Автомобилист,1:1,1:1,0:0,0:0,1:0
832,832,2015-02-24,Югра,Металлург Мг,1:1,1:0,1:2,1:0,:
833,833,2015-02-24,Витязь,ЦСКА,0:0,0:1,1:0,0:1,:
834,834,2015-02-24,Локомотив,Северсталь,0:1,0:0,1:0,1:0,:
835,835,2015-02-24,Нефтехимик,Ак Барс,0:4,0:1,0:1,:,:
836,836,2015-02-24,ХК Сочи,Лада,1:0,1:0,1:1,:,:
837,837,2015-02-24,Атлант,Динамо Р,1:2,3:0,3:0,:,:
838,838,2015-02-24,Динамо М,Динамо Мн,0:0,1:1,2:0,:,:
839,839,2015-02-24,Слован,Йокерит,0:1,0:1,2:0,0:1,:
